Financial_Year,State,District,Total_Facilities,Public_Facilities,Total_Deliveries,Total_C_Section_Deliveries,Public_Facility_Share_Pct,District_C_Section_Rate_Pct,C_Section_Adequacy_Score,Public_Share_Scaled,C_Sec_Adequacy_Scaled,RHADI_District_Score,Quality_Sub_Index
2020-21,Rajasthan,Ajmer,340,337,55806,10192,99.12,18.26,9.239999999999998,0.9889599799272363,0.6180602006688962,80.35,80.35
2020-21,Rajasthan,Alwar,506,498,70426,6733,98.42,9.56,12.06,0.9801781457784468,0.8066889632107024,89.34,89.34
2020-21,Rajasthan,Banswara,260,259,45405,2542,99.62,5.6,8.1,0.995232718604943,0.5418060200668896,76.85,76.85
2020-21,Rajasthan,Baran,88,85,22069,987,96.59,4.47,6.969999999999999,0.9572199222180404,0.46622073578595313,71.17,71.17
2020-21,Rajasthan,Barmer,666,657,65133,3318,98.65,5.09,7.59,0.983063605570192,0.5076923076923077,74.54,74.54
2020-21,Rajasthan,Bharatpur,276,274,57471,6894,99.28,12.0,14.5,0.9909672563041024,0.9698996655518395,98.04,98.04
2020-21,Rajasthan,Bhilwara,316,315,46283,4953,99.68,10.7,13.2,0.9959854472462678,0.882943143812709,93.95,93.95
2020-21,Rajasthan,Bikaner,349,345,51302,7112,98.85,13.86,13.64,0.9855727010412746,0.9123745819397994,94.9,94.9
2020-21,Rajasthan,Bundi,125,123,17930,1361,98.4,7.59,10.09,0.9799272362313387,0.6749163879598662,82.74,82.74
2020-21,Rajasthan,Chittorgarh,178,172,27519,2596,96.63,9.43,11.93,0.9577217413122568,0.7979933110367893,87.79,87.79
2020-21,Rajasthan,Churu,400,394,34655,2225,98.5,6.42,8.92,0.9811817839668799,0.5966555183946488,78.89,78.89
2020-21,Rajasthan,Dausa,117,112,31031,1182,95.73,3.81,6.3100000000000005,0.9464308116923847,0.4220735785953178,68.43,68.43
2020-21,Rajasthan,Dholpur,176,175,30877,1451,99.43,4.7,7.2,0.9928490779074145,0.4816053511705686,73.72,73.72
2020-21,Rajasthan,Dungarpur,293,288,35683,1927,98.29,5.4,7.9,0.9785472337222431,0.528428093645485,75.35,75.35
2020-21,Rajasthan,Ganganagar,332,324,31312,3041,97.59,9.71,12.21,0.9697653995734539,0.816722408026756,89.32,89.32
2020-21,Rajasthan,Hanumangarh,302,295,34162,3607,97.68,10.56,13.06,0.970894492535441,0.8735785953177259,92.22,92.22
2020-21,Rajasthan,Jaipur,273,258,118299,31496,94.51,26.62,0.879999999999999,0.9311253293187804,0.05886287625418054,49.5,49.5
2020-21,Rajasthan,Jaisalmer,174,172,16835,414,98.85,2.46,4.960000000000001,0.9855727010412746,0.3317725752508362,65.87,65.87
2020-21,Rajasthan,Jalore,399,392,48789,2022,98.25,4.14,6.640000000000001,0.9780454146280266,0.4441471571906355,71.11,71.11
2020-21,Rajasthan,Jhalawar,78,75,29353,4247,96.15,14.47,13.03,0.9516999121816586,0.8715719063545151,91.16,91.16
2020-21,Rajasthan,Jhunjhunu,167,159,28028,3792,95.21,13.53,13.97,0.9399071634675696,0.9344481605351171,93.72,93.72
2020-21,Rajasthan,Jodhpur,551,545,73588,11326,98.91,15.39,12.11,0.9863254296825994,0.8100334448160535,89.82,89.82
2020-21,Rajasthan,Karauli,162,160,29775,2475,98.77,8.31,10.81,0.9845690628528413,0.7230769230769232,85.38,85.38
2020-21,Rajasthan,Kota,97,95,31959,8671,97.94,27.13,0.370000000000001,0.9741563166478484,0.02474916387959873,49.95,49.95
2020-21,Rajasthan,Nagaur,482,472,57197,6876,97.93,12.02,14.52,0.9740308618742944,0.97123745819398,97.26,97.26
2020-21,Rajasthan,Pali,321,313,39580,4331,97.51,10.94,13.44,0.9687617613850206,0.8989966555183947,93.39,93.39
2020-21,Rajasthan,Pratapgarh,137,135,19227,342,98.54,1.78,4.279999999999999,0.9816836030610964,0.2862876254180602,63.4,63.4
2020-21,Rajasthan,Rajsamand,249,248,22990,1529,99.6,6.65,9.15,0.9949818090578346,0.6120401337792643,80.35,80.35
2020-21,Rajasthan,Sawai Madhopur,72,70,31471,3288,97.22,10.45,12.95,0.9651235729519508,0.8662207357859532,91.57,91.57
2020-21,Rajasthan,Sikar,243,237,48535,8640,97.53,17.8,9.7,0.969012670932129,0.6488294314381271,80.89,80.89
2020-21,Rajasthan,Sirohi,127,122,25449,1899,96.06,7.46,9.96,0.9505708192196713,0.6662207357859533,80.84,80.84
2020-21,Rajasthan,Tonk,170,166,25779,2052,97.65,7.96,10.46,0.9705181282147787,0.699665551839465,83.51,83.51
2020-21,Rajasthan,Udaipur,503,497,64474,5839,98.81,9.06,11.56,0.9850708819470582,0.7732441471571907,87.92,87.92
2021-22,Rajasthan,Ajmer,322,319,54896,10980,99.07,20.0,7.5,0.9883327060594654,0.5016722408026756,74.5,74.5
2021-22,Rajasthan,Alwar,460,451,63085,6587,98.04,10.44,12.94,0.9754108643833896,0.8655518394648829,92.05,92.05
2021-22,Rajasthan,Banswara,217,214,42544,2303,98.62,5.41,7.91,0.9826872412495296,0.5290969899665552,75.59,75.59
2021-22,Rajasthan,Baran,77,73,21666,1828,94.81,8.44,10.94,0.9348889725254046,0.7317725752508362,83.33,83.33
2021-22,Rajasthan,Barmer,611,602,62428,2781,98.53,4.45,6.949999999999999,0.9815581482875424,0.4648829431438127,72.32,72.32
2021-22,Rajasthan,Bharatpur,273,269,55227,6933,98.53,12.55,14.95,0.9815581482875424,1.0,99.08,99.08
2021-22,Rajasthan,Bhilwara,260,259,43120,5427,99.62,12.59,14.91,0.995232718604943,0.9973244147157191,99.63,99.63
2021-22,Rajasthan,Bikaner,309,306,50109,7928,99.03,15.82,11.68,0.987830886965249,0.7812709030100334,88.46,88.46
2021-22,Rajasthan,Bundi,114,112,17213,1246,98.25,7.24,9.74,0.9780454146280266,0.6515050167224081,81.48,81.48
2021-22,Rajasthan,Chittorgarh,194,187,26187,2515,96.39,9.6,12.1,0.9547108267469575,0.8093645484949833,88.2,88.2
2021-22,Rajasthan,Churu,389,382,33582,2175,98.2,6.48,8.98,0.9774181407602558,0.6006688963210703,78.9,78.9
2021-22,Rajasthan,Dausa,109,103,30475,1397,94.5,4.58,7.08,0.9309998745452265,0.4735785953177258,70.23,70.23
2021-22,Rajasthan,Dholpur,164,163,29689,1346,99.39,4.53,7.03,0.9923472588131976,0.4702341137123746,73.13,73.13
2021-22,Rajasthan,Dungarpur,278,272,29394,1814,97.84,6.17,8.67,0.9729017689123072,0.579933110367893,77.64,77.64
2021-22,Rajasthan,Ganganagar,307,298,31904,4183,97.07,13.11,14.39,0.9632417513486388,0.962541806020067,96.29,96.29
2021-22,Rajasthan,Hanumangarh,313,307,32254,2897,98.08,8.98,11.48,0.9759126834776062,0.7678929765886289,87.19,87.19
2021-22,Rajasthan,Jaipur,231,216,114914,34206,93.51,29.77,0.0,0.9185798519633671,0.0,45.93,45.93
2021-22,Rajasthan,Jaisalmer,155,151,15698,361,97.42,2.3,4.800000000000001,0.9676326684230333,0.32107023411371244,64.44,64.44
2021-22,Rajasthan,Jalore,360,352,45337,3477,97.78,7.67,10.17,0.9721490402709824,0.6802675585284281,82.62,82.62
2021-22,Rajasthan,Jhalawar,75,72,28725,5073,96.0,17.66,9.84,0.9498180905783465,0.6581939799331104,80.4,80.4
2021-22,Rajasthan,Jhunjhunu,168,160,27305,4057,95.24,14.86,12.64,0.9402835277882321,0.845484949832776,89.29,89.29
2021-22,Rajasthan,Jodhpur,475,467,71342,12848,98.32,18.01,9.489999999999998,0.9789235980429054,0.6347826086956521,80.69,80.69
2021-22,Rajasthan,Karauli,98,95,29571,2954,96.94,9.99,12.49,0.9616108392924351,0.8354515050167225,89.85,89.85
2021-22,Rajasthan,Kota,95,91,32963,9180,95.79,27.85,0.0,0.9471835403337096,0.0,47.36,47.36
2021-22,Rajasthan,Nagaur,447,436,53039,6214,97.54,11.72,14.22,0.969138125705683,0.951170568561873,96.02,96.02
2021-22,Rajasthan,Pali,296,290,36574,4847,97.97,13.25,14.25,0.9745326809685109,0.9531772575250836,96.39,96.39
2021-22,Rajasthan,Pratapgarh,124,121,17738,554,97.58,3.12,5.620000000000001,0.9696399447998995,0.37591973244147164,67.28,67.28
2021-22,Rajasthan,Rajsamand,179,175,19170,1091,97.77,5.69,8.190000000000001,0.972023585497428,0.5478260869565218,75.99,75.99
2021-22,Rajasthan,Sawai Madhopur,64,62,30648,3311,96.88,10.8,13.3,0.9608581106511103,0.8896321070234114,92.52,92.52
2021-22,Rajasthan,Sikar,216,210,43959,9938,97.22,22.61,4.890000000000001,0.9651235729519508,0.3270903010033445,64.61,64.61
2021-22,Rajasthan,Sirohi,85,81,23843,2104,95.29,8.82,11.32,0.9409108016560029,0.7571906354515051,84.91,84.91
2021-22,Rajasthan,Tonk,170,165,24934,2365,97.06,9.49,11.99,0.9631162965750847,0.8020066889632107,88.26,88.26
2021-22,Rajasthan,Udaipur,462,456,54972,6364,98.7,11.58,14.08,0.9836908794379625,0.9418060200668896,96.27,96.27
2022-23,Rajasthan,Ajmer,331,327,59414,13019,98.79,21.91,5.59,0.9848199723999497,0.3739130434782609,67.94,67.94
2022-23,Rajasthan,Alwar,303,294,64995,9169,97.03,14.11,13.39,0.9627399322544223,0.8956521739130435,92.92,92.92
2022-23,Rajasthan,Banswara,193,190,45873,2667,98.45,5.81,8.309999999999999,0.9805545100991091,0.5558528428093645,76.82,76.82
2022-23,Rajasthan,Baran,77,74,22793,2130,96.1,9.34,11.84,0.9510726383138878,0.7919732441471572,87.15,87.15
2022-23,Rajasthan,Barmer,504,496,62837,3912,98.41,6.23,8.73,0.9800526910048927,0.5839464882943144,78.2,78.2
2022-23,Rajasthan,Bharatpur,203,199,53315,6494,98.03,12.18,14.68,0.9752854096098357,0.9819397993311038,97.86,97.86
2022-23,Rajasthan,Bhilwara,214,213,45022,6831,99.53,15.17,12.33,0.9941036256429557,0.8247491638795987,90.94,90.94
2022-23,Rajasthan,Bikaner,304,301,50865,8441,99.01,16.59,10.91,0.9875799774181406,0.7297658862876255,85.87,85.87
2022-23,Rajasthan,Bundi,117,115,17517,1829,98.29,10.44,12.94,0.9785472337222431,0.8655518394648829,92.2,92.2
2022-23,Rajasthan,Chittorgarh,175,168,27024,3946,96.0,14.6,12.9,0.9498180905783465,0.8628762541806021,90.63,90.63
2022-23,Rajasthan,Churu,307,300,32773,2955,97.72,9.02,11.52,0.9713963116296574,0.7705685618729097,87.1,87.1
2022-23,Rajasthan,Dausa,83,77,30720,1041,92.77,3.39,5.890000000000001,0.909296198720361,0.39397993311036794,65.16,65.16
2022-23,Rajasthan,Dholpur,137,136,28974,2356,99.27,8.13,10.63,0.990841801530548,0.7110367892976589,85.09,85.09
2022-23,Rajasthan,Dungarpur,247,241,34307,2463,97.57,7.18,9.68,0.9695144900263454,0.6474916387959866,80.85,80.85
2022-23,Rajasthan,Ganganagar,251,242,32320,6735,96.41,20.84,6.66,0.954961736294066,0.4454849498327759,70.02,70.02
2022-23,Rajasthan,Hanumangarh,300,295,27771,4773,98.33,17.19,10.31,0.9790490528164595,0.6896321070234115,83.43,83.43
2022-23,Rajasthan,Jaipur,181,166,127709,41306,91.71,32.34,0.0,0.8959979927236229,0.0,44.8,44.8
2022-23,Rajasthan,Jaisalmer,150,149,16040,739,99.33,4.61,7.11,0.9915945301718728,0.4755852842809365,73.36,73.36
2022-23,Rajasthan,Jalore,383,375,45565,4738,97.91,10.4,12.9,0.9737799523271861,0.8628762541806021,91.83,91.83
2022-23,Rajasthan,Jhalawar,54,51,30433,5473,94.44,17.98,9.52,0.9302471459039017,0.6367892976588628,78.35,78.35
2022-23,Rajasthan,Jhunjhunu,155,147,28069,4806,94.84,17.12,10.38,0.935265336846067,0.6943143812709031,81.48,81.48
2022-23,Rajasthan,Jodhpur,229,221,72744,16492,96.51,22.67,4.829999999999998,0.9562162840296072,0.323076923076923,63.96,63.96
2022-23,Rajasthan,Karauli,84,81,26777,2888,96.43,10.79,13.29,0.9552126458411744,0.8889632107023411,92.21,92.21
2022-23,Rajasthan,Kota,74,70,37820,14791,94.59,39.11,0.0,0.9321289675072137,0.0,46.61,46.61
2022-23,Rajasthan,Nagaur,401,391,54075,8434,97.51,15.6,11.9,0.9687617613850206,0.7959866220735786,88.24,88.24
2022-23,Rajasthan,Pali,245,239,38524,7184,97.55,18.65,8.850000000000001,0.969263580479237,0.5919732441471574,78.06,78.06
2022-23,Rajasthan,Pratapgarh,94,92,19902,661,97.87,3.32,5.82,0.9732781332329695,0.3892976588628763,68.13,68.13
2022-23,Rajasthan,Rajsamand,177,172,21833,1987,97.18,9.1,11.6,0.9646217538577344,0.7759197324414716,87.03,87.03
2022-23,Rajasthan,Sawai Madhopur,52,50,31588,3821,96.15,12.1,14.6,0.9516999121816586,0.9765886287625418,96.41,96.41
2022-23,Rajasthan,Sikar,167,161,42767,11610,96.41,27.15,0.3500000000000014,0.954961736294066,0.02341137123745829,48.92,48.92
2022-23,Rajasthan,Sirohi,75,70,25340,2600,93.33,10.26,12.76,0.9163216660393926,0.8535117056856187,88.49,88.49
2022-23,Rajasthan,Tonk,139,134,24180,2583,96.4,10.68,13.18,0.9548362815205119,0.8816053511705686,91.82,91.82
2022-23,Rajasthan,Udaipur,427,421,63588,9243,98.59,14.54,12.96,0.9823108769288672,0.8668896321070235,92.46,92.46
2023-24,Rajasthan,Ajmer,309,268,59257,13911,86.73,23.48,4.02,0.8335215154936644,0.2688963210702341,55.12,55.12
2023-24,Rajasthan,Alwar,288,231,62882,9269,80.21,14.74,12.76,0.7517250031363691,0.8535117056856187,80.26,80.26
2023-24,Rajasthan,Banswara,138,130,46166,3271,94.2,7.09,9.59,0.9272362313386023,0.6414715719063545,78.44,78.44
2023-24,Rajasthan,Baran,59,51,23832,3035,86.44,12.73,14.77,0.8298833270605946,0.9879598662207358,90.89,90.89
2023-24,Rajasthan,Barmer,382,351,60231,4622,91.88,7.67,10.17,0.8981307238740434,0.6802675585284281,78.92,78.92
2023-24,Rajasthan,Bharatpur,167,140,53145,7493,83.83,14.1,13.4,0.7971396311629657,0.8963210702341138,84.67,84.67
2023-24,Rajasthan,Bhilwara,176,158,45444,7033,89.77,15.48,12.02,0.8716597666541209,0.8040133779264215,83.78,83.78
2023-24,Rajasthan,Bikaner,279,245,52207,9234,87.81,17.69,9.81,0.847070631037511,0.6561872909698997,75.16,75.16
2023-24,Rajasthan,Bundi,104,97,17188,2184,93.27,12.71,14.79,0.9155689373980678,0.9892976588628762,95.24,95.24
2023-24,Rajasthan,Chittorgarh,132,116,27248,4078,87.88,14.97,12.53,0.8479488144523899,0.8381270903010033,84.3,84.3
2023-24,Rajasthan,Churu,286,260,31216,3825,90.91,12.25,14.75,0.8859616108392924,0.9866220735785953,93.63,93.63
2023-24,Rajasthan,Dausa,66,46,31476,1481,69.7,4.71,7.21,0.6198720361309747,0.48227424749163883,55.11,55.11
2023-24,Rajasthan,Dholpur,98,86,30481,3592,87.76,11.78,14.28,0.8464433571697402,0.9551839464882943,90.08,90.08
2023-24,Rajasthan,Dungarpur,167,156,28148,3108,93.41,11.04,13.54,0.9173253042278259,0.905685618729097,91.15,91.15
2023-24,Rajasthan,Ganganagar,271,208,31199,6705,76.75,21.49,6.010000000000002,0.708317651486639,0.40200668896321085,55.52,55.52
2023-24,Rajasthan,Hanumangarh,273,233,26299,5356,85.35,20.37,7.129999999999999,0.816208756743194,0.4769230769230769,64.66,64.66
2023-24,Rajasthan,Jaipur,359,125,130392,45480,34.82,34.88,0.0,0.18228578597415632,0.0,9.11,9.11
2023-24,Rajasthan,Jaisalmer,134,129,16590,1019,96.27,6.14,8.64,0.9532053694643079,0.5779264214046823,76.56,76.56
2023-24,Rajasthan,Jalore,324,273,46694,5066,84.26,10.85,13.35,0.8025341864257935,0.8929765886287626,84.78,84.78
2023-24,Rajasthan,Jhalawar,64,48,32869,7593,75.0,23.1,4.399999999999999,0.6863630661146656,0.2943143812709029,49.03,49.03
2023-24,Rajasthan,Jhunjhunu,195,142,26653,4860,72.82,18.23,9.27,0.6590139254798644,0.620066889632107,63.95,63.95
2023-24,Rajasthan,Jodhpur,229,155,74122,17701,67.69,23.88,3.620000000000001,0.5946556266465938,0.24214046822742483,41.84,41.84
2023-24,Rajasthan,Karauli,74,60,26506,3103,81.08,11.71,14.21,0.7626395684355789,0.9505016722408027,85.66,85.66
2023-24,Rajasthan,Kota,119,60,38434,14889,50.42,38.74,0.0,0.3779952327186049,0.0,18.9,18.9
2023-24,Rajasthan,Nagaur,367,312,51650,9605,85.01,18.6,8.899999999999999,0.8119432944423535,0.5953177257525083,70.36,70.36
2023-24,Rajasthan,Pali,218,187,38086,7873,85.78,20.67,6.829999999999998,0.8216033120060219,0.45685618729096983,63.92,63.92
2023-24,Rajasthan,Pratapgarh,58,57,19375,554,98.28,2.86,5.359999999999999,0.978421778948689,0.3585284280936455,66.85,66.85
2023-24,Rajasthan,Rajsamand,151,140,22306,2203,92.72,9.88,12.38,0.9086689248525907,0.8280936454849499,86.84,86.84
2023-24,Rajasthan,Sawai Madhopur,61,43,31938,4215,70.49,13.2,14.3,0.6297829632417512,0.9565217391304349,79.32,79.32
2023-24,Rajasthan,Sikar,204,146,41936,12281,71.57,29.29,0.0,0.6433320787855976,0.0,32.17,32.17
2023-24,Rajasthan,Sirohi,80,66,24296,3229,82.5,13.29,14.21,0.7804541462802659,0.9505016722408027,86.55,86.55
2023-24,Rajasthan,Tonk,125,110,24877,3235,88.0,13.0,14.5,0.8494542717350395,0.9698996655518395,90.97,90.97
2023-24,Rajasthan,Udaipur,448,414,63924,10534,92.41,16.48,11.02,0.9047798268724124,0.737123745819398,82.1,82.1
2024-25,Rajasthan,Ajmer,134,103,33101,10992,76.87,33.21,0.0,0.7098231087692887,0.0,35.49,35.49
2024-25,Rajasthan,Alwar,178,135,39035,6702,75.84,17.17,10.329999999999998,0.6969012670932129,0.6909698996655518,69.39,69.39
2024-25,Rajasthan,Anupgarh,81,71,9344,150,87.65,1.61,4.109999999999999,0.845063354660645,0.27491638795986617,56.0,56.0
2024-25,Rajasthan,Balotra,150,139,24538,966,92.67,3.94,6.44,0.9080416509848198,0.4307692307692308,66.94,66.94
2024-25,Rajasthan,Banswara,130,118,46577,3504,90.77,7.52,10.02,0.8842052440095344,0.6702341137123746,77.72,77.72
2024-25,Rajasthan,Baran,50,41,21855,2746,82.0,12.56,14.94,0.7741814076025592,0.9993311036789297,88.68,88.68
2024-25,Rajasthan,Barmer,196,174,35860,4068,88.78,11.34,13.84,0.859239744072262,0.925752508361204,89.25,89.25
2024-25,Rajasthan,Beawar,119,105,22955,3866,88.24,16.84,10.66,0.8524651863003385,0.7130434782608696,78.28,78.28
2024-25,Rajasthan,Bharatpur,96,69,34115,8101,71.88,23.75,3.75,0.6472211767657758,0.2508361204013378,44.9,44.9
2024-25,Rajasthan,Bhilwara,117,97,35209,7264,82.91,20.63,6.870000000000001,0.7855977919959853,0.4595317725752509,62.26,62.26
2024-25,Rajasthan,Bikaner,272,237,50605,10140,87.13,20.04,7.460000000000001,0.8385397064358299,0.4989966555183947,66.88,66.88
2024-25,Rajasthan,Bundi,90,83,15841,2254,92.22,14.23,13.27,0.9023961861748839,0.8876254180602007,89.5,89.5
2024-25,Rajasthan,Chittorgarh,131,113,25517,3915,86.26,15.34,12.16,0.8276251411366201,0.8133779264214047,82.05,82.05
2024-25,Rajasthan,Churu,259,234,29197,4115,90.35,14.09,13.41,0.8789361435202608,0.896989966555184,88.8,88.8
2024-25,Rajasthan,DUDU,1,1,1,0,100.0,0.0,2.5,1.0,0.16722408026755853,58.36,58.36
2024-25,Rajasthan,Dausa,58,38,30795,3364,65.52,10.92,13.42,0.5674319407853468,0.8976588628762542,73.25,73.25
2024-25,Rajasthan,Deeg,84,84,15715,0,100.0,0.0,2.5,1.0,0.16722408026755853,58.36,58.36
2024-25,Rajasthan,Dholpur,85,73,28119,3442,85.88,12.24,14.74,0.8228578597415631,0.9859531772575252,90.44,90.44
2024-25,Rajasthan,Didwana-Kuchaman,168,137,26263,5792,81.55,22.05,5.449999999999999,0.7685359427926232,0.36454849498327757,56.65,56.65
2024-25,Rajasthan,Dudu,20,13,1820,361,65.0,19.84,7.66,0.5609082925605319,0.5123745819397993,53.66,53.66
2024-25,Rajasthan,Dungarpur,130,118,26721,3470,90.77,12.99,14.51,0.8842052440095344,0.9705685618729097,92.74,92.74
2024-25,Rajasthan,Ganganagar,179,122,21019,7497,68.16,35.67,0.0,0.6005520010036381,0.0,30.03,30.03
2024-25,Rajasthan,Gangapurcity,36,27,15892,2957,75.0,18.61,8.89,0.6863630661146656,0.5946488294314382,64.05,64.05
2024-25,Rajasthan,Hanumangarh,245,207,25473,6646,84.49,26.09,1.41,0.8054196462175384,0.09431438127090301,44.99,44.99
2024-25,Rajasthan,Jaipur,221,67,82364,34966,30.32,42.45,0.0,0.12583113787479613,0.0,6.29,6.29
2024-25,Rajasthan,Jaipur (Gramin),124,37,38739,12703,29.84,32.79,0.0,0.11980930874419772,0.0,5.99,5.99
2024-25,Rajasthan,Jaisalmer,141,137,16214,1076,97.16,6.64,9.14,0.964370844310626,0.611371237458194,78.79,78.79
2024-25,Rajasthan,Jalore,159,122,25296,2890,76.73,11.42,13.92,0.7080667419395308,0.931103678929766,81.96,81.96
2024-25,Rajasthan,Jhalawar,69,55,31223,7154,79.71,22.91,4.59,0.7454522644586625,0.30702341137123745,52.62,52.62
2024-25,Rajasthan,Jhunjhunu,189,138,23609,5521,73.02,23.39,4.109999999999999,0.6615230209509471,0.27491638795986617,46.82,46.82
2024-25,Rajasthan,Jodhpur,69,14,39530,17617,20.29,44.57,0.0,0.0,0.0,0.0,0.0
2024-25,Rajasthan,Jodhpur (Gramin),94,87,20808,572,92.55,2.75,5.25,0.9065361937021702,0.35117056856187295,62.89,62.89
2024-25,Rajasthan,Karauli,50,36,23212,2970,72.0,12.8,14.7,0.6487266340484255,0.9832775919732442,81.6,81.6
2024-25,Rajasthan,Kekri,85,85,7620,376,100.0,4.93,7.43,1.0,0.49698996655518396,74.85,74.85
2024-25,Rajasthan,Khairthal-Tijara,73,52,14758,1437,71.23,9.74,12.24,0.6390666164847573,0.8187290969899667,72.89,72.89
2024-25,Rajasthan,Kota,135,73,38444,16367,54.07,42.57,0.0,0.4237862250658637,0.0,21.19,21.19
2024-25,Rajasthan,Kotputli-Behror,68,47,19712,3504,69.12,17.78,9.72,0.6125956592648351,0.6501672240802676,63.14,63.14
2024-25,Rajasthan,Nagaur,168,141,26578,5396,83.93,20.3,7.199999999999999,0.7983941788985071,0.4816053511705685,64.0,64.0
2024-25,Rajasthan,Neem Ka Thana,66,59,8714,1449,89.39,16.63,10.87,0.8668924852590639,0.7270903010033445,79.7,79.7
2024-25,Rajasthan,Pali,179,149,32012,8010,83.24,25.02,2.4800000000000004,0.7897377995232717,0.1658862876254181,47.78,47.78
2024-25,Rajasthan,Phalodi,58,50,11643,261,86.21,2.24,4.74,0.8269978672688494,0.317056856187291,57.2,57.2
2024-25,Rajasthan,Pratapgarh,40,39,18474,622,97.5,3.37,5.870000000000001,0.9686363066114666,0.3926421404682275,68.06,68.06
2024-25,Rajasthan,Rajsamand,142,132,21222,2169,92.96,10.22,12.72,0.9116798394178895,0.8508361204013378,88.13,88.13
2024-25,Rajasthan,Salumbar,64,59,9200,20,92.19,0.22,2.7200000000000006,0.9020198218542216,0.18193979933110374,54.2,54.2
2024-25,Rajasthan,Sanchore,122,103,18617,2264,84.43,12.16,14.66,0.8046669175762139,0.9806020066889632,89.26,89.26
2024-25,Rajasthan,Sawai Madhopur,36,27,15892,1826,75.0,11.49,13.99,0.6863630661146656,0.9357859531772575,81.11,81.11
2024-25,Rajasthan,Shahpura,49,49,7555,2,100.0,0.03,2.53,1.0,0.1692307692307692,58.46,58.46
2024-25,Rajasthan,Sikar,144,88,32420,10622,61.11,32.76,0.0,0.5121063856479738,0.0,25.61,25.61
2024-25,Rajasthan,Sirohi,77,62,24358,3239,80.52,13.3,14.2,0.7556141011165474,0.9498327759197325,85.27,85.27
2024-25,Rajasthan,Tonk,90,75,23390,3332,83.33,14.25,13.25,0.790866892485259,0.8862876254180603,83.86,83.86
2024-25,Rajasthan,Udaipur,371,340,54197,11148,91.64,20.57,6.93,0.895119809308744,0.4635451505016722,67.93,67.93
