Financial_Year,State,District,Total_Facilities,Public_Facilities,Total_Deliveries,Total_C_Section_Deliveries,Public_Facility_Share_Pct,District_C_Section_Rate_Pct
2020-21,Rajasthan,Ajmer,340,337,55806,10192,99.12,18.26
2020-21,Rajasthan,Alwar,506,498,70426,6733,98.42,9.56
2020-21,Rajasthan,Banswara,260,259,45405,2542,99.62,5.6
2020-21,Rajasthan,Baran,88,85,22069,987,96.59,4.47
2020-21,Rajasthan,Barmer,666,657,65133,3318,98.65,5.09
2020-21,Rajasthan,Bharatpur,276,274,57471,6894,99.28,12.0
2020-21,Rajasthan,Bhilwara,316,315,46283,4953,99.68,10.7
2020-21,Rajasthan,Bikaner,349,345,51302,7112,98.85,13.86
2020-21,Rajasthan,Bundi,125,123,17930,1361,98.4,7.59
2020-21,Rajasthan,Chittorgarh,178,172,27519,2596,96.63,9.43
2020-21,Rajasthan,Churu,400,394,34655,2225,98.5,6.42
2020-21,Rajasthan,Dausa,117,112,31031,1182,95.73,3.81
2020-21,Rajasthan,Dholpur,176,175,30877,1451,99.43,4.7
2020-21,Rajasthan,Dungarpur,293,288,35683,1927,98.29,5.4
2020-21,Rajasthan,Ganganagar,332,324,31312,3041,97.59,9.71
2020-21,Rajasthan,Hanumangarh,302,295,34162,3607,97.68,10.56
2020-21,Rajasthan,Jaipur,273,258,118299,31496,94.51,26.62
2020-21,Rajasthan,Jaisalmer,174,172,16835,414,98.85,2.46
2020-21,Rajasthan,Jalore,399,392,48789,2022,98.25,4.14
2020-21,Rajasthan,Jhalawar,78,75,29353,4247,96.15,14.47
2020-21,Rajasthan,Jhunjhunu,167,159,28028,3792,95.21,13.53
2020-21,Rajasthan,Jodhpur,551,545,73588,11326,98.91,15.39
2020-21,Rajasthan,Karauli,162,160,29775,2475,98.77,8.31
2020-21,Rajasthan,Kota,97,95,31959,8671,97.94,27.13
2020-21,Rajasthan,Nagaur,482,472,57197,6876,97.93,12.02
2020-21,Rajasthan,Pali,321,313,39580,4331,97.51,10.94
2020-21,Rajasthan,Pratapgarh,137,135,19227,342,98.54,1.78
2020-21,Rajasthan,Rajsamand,249,248,22990,1529,99.6,6.65
2020-21,Rajasthan,Sawai Madhopur,72,70,31471,3288,97.22,10.45
2020-21,Rajasthan,Sikar,243,237,48535,8640,97.53,17.8
2020-21,Rajasthan,Sirohi,127,122,25449,1899,96.06,7.46
2020-21,Rajasthan,Tonk,170,166,25779,2052,97.65,7.96
2020-21,Rajasthan,Udaipur,503,497,64474,5839,98.81,9.06
2021-22,Rajasthan,Ajmer,322,319,54896,10980,99.07,20.0
2021-22,Rajasthan,Alwar,460,451,63085,6587,98.04,10.44
2021-22,Rajasthan,Banswara,217,214,42544,2303,98.62,5.41
2021-22,Rajasthan,Baran,77,73,21666,1828,94.81,8.44
2021-22,Rajasthan,Barmer,611,602,62428,2781,98.53,4.45
2021-22,Rajasthan,Bharatpur,273,269,55227,6933,98.53,12.55
2021-22,Rajasthan,Bhilwara,260,259,43120,5427,99.62,12.59
2021-22,Rajasthan,Bikaner,309,306,50109,7928,99.03,15.82
2021-22,Rajasthan,Bundi,114,112,17213,1246,98.25,7.24
2021-22,Rajasthan,Chittorgarh,194,187,26187,2515,96.39,9.6
2021-22,Rajasthan,Churu,389,382,33582,2175,98.2,6.48
2021-22,Rajasthan,Dausa,109,103,30475,1397,94.5,4.58
2021-22,Rajasthan,Dholpur,164,163,29689,1346,99.39,4.53
2021-22,Rajasthan,Dungarpur,278,272,29394,1814,97.84,6.17
2021-22,Rajasthan,Ganganagar,307,298,31904,4183,97.07,13.11
2021-22,Rajasthan,Hanumangarh,313,307,32254,2897,98.08,8.98
2021-22,Rajasthan,Jaipur,231,216,114914,34206,93.51,29.77
2021-22,Rajasthan,Jaisalmer,155,151,15698,361,97.42,2.3
2021-22,Rajasthan,Jalore,360,352,45337,3477,97.78,7.67
2021-22,Rajasthan,Jhalawar,75,72,28725,5073,96.0,17.66
2021-22,Rajasthan,Jhunjhunu,168,160,27305,4057,95.24,14.86
2021-22,Rajasthan,Jodhpur,475,467,71342,12848,98.32,18.01
2021-22,Rajasthan,Karauli,98,95,29571,2954,96.94,9.99
2021-22,Rajasthan,Kota,95,91,32963,9180,95.79,27.85
2021-22,Rajasthan,Nagaur,447,436,53039,6214,97.54,11.72
2021-22,Rajasthan,Pali,296,290,36574,4847,97.97,13.25
2021-22,Rajasthan,Pratapgarh,124,121,17738,554,97.58,3.12
2021-22,Rajasthan,Rajsamand,179,175,19170,1091,97.77,5.69
2021-22,Rajasthan,Sawai Madhopur,64,62,30648,3311,96.88,10.8
2021-22,Rajasthan,Sikar,216,210,43959,9938,97.22,22.61
2021-22,Rajasthan,Sirohi,85,81,23843,2104,95.29,8.82
2021-22,Rajasthan,Tonk,170,165,24934,2365,97.06,9.49
2021-22,Rajasthan,Udaipur,462,456,54972,6364,98.7,11.58
2022-23,Rajasthan,Ajmer,331,327,59414,13019,98.79,21.91
2022-23,Rajasthan,Alwar,303,294,64995,9169,97.03,14.11
2022-23,Rajasthan,Banswara,193,190,45873,2667,98.45,5.81
2022-23,Rajasthan,Baran,77,74,22793,2130,96.1,9.34
2022-23,Rajasthan,Barmer,504,496,62837,3912,98.41,6.23
2022-23,Rajasthan,Bharatpur,203,199,53315,6494,98.03,12.18
2022-23,Rajasthan,Bhilwara,214,213,45022,6831,99.53,15.17
2022-23,Rajasthan,Bikaner,304,301,50865,8441,99.01,16.59
2022-23,Rajasthan,Bundi,117,115,17517,1829,98.29,10.44
2022-23,Rajasthan,Chittorgarh,175,168,27024,3946,96.0,14.6
2022-23,Rajasthan,Churu,307,300,32773,2955,97.72,9.02
2022-23,Rajasthan,Dausa,83,77,30720,1041,92.77,3.39
2022-23,Rajasthan,Dholpur,137,136,28974,2356,99.27,8.13
2022-23,Rajasthan,Dungarpur,247,241,34307,2463,97.57,7.18
2022-23,Rajasthan,Ganganagar,251,242,32320,6735,96.41,20.84
2022-23,Rajasthan,Hanumangarh,300,295,27771,4773,98.33,17.19
2022-23,Rajasthan,Jaipur,181,166,127709,41306,91.71,32.34
2022-23,Rajasthan,Jaisalmer,150,149,16040,739,99.33,4.61
2022-23,Rajasthan,Jalore,383,375,45565,4738,97.91,10.4
2022-23,Rajasthan,Jhalawar,54,51,30433,5473,94.44,17.98
2022-23,Rajasthan,Jhunjhunu,155,147,28069,4806,94.84,17.12
2022-23,Rajasthan,Jodhpur,229,221,72744,16492,96.51,22.67
2022-23,Rajasthan,Karauli,84,81,26777,2888,96.43,10.79
2022-23,Rajasthan,Kota,74,70,37820,14791,94.59,39.11
2022-23,Rajasthan,Nagaur,401,391,54075,8434,97.51,15.6
2022-23,Rajasthan,Pali,245,239,38524,7184,97.55,18.65
2022-23,Rajasthan,Pratapgarh,94,92,19902,661,97.87,3.32
2022-23,Rajasthan,Rajsamand,177,172,21833,1987,97.18,9.1
2022-23,Rajasthan,Sawai Madhopur,52,50,31588,3821,96.15,12.1
2022-23,Rajasthan,Sikar,167,161,42767,11610,96.41,27.15
2022-23,Rajasthan,Sirohi,75,70,25340,2600,93.33,10.26
2022-23,Rajasthan,Tonk,139,134,24180,2583,96.4,10.68
2022-23,Rajasthan,Udaipur,427,421,63588,9243,98.59,14.54
2023-24,Rajasthan,Ajmer,309,268,59257,13911,86.73,23.48
2023-24,Rajasthan,Alwar,288,231,62882,9269,80.21,14.74
2023-24,Rajasthan,Banswara,138,130,46166,3271,94.2,7.09
2023-24,Rajasthan,Baran,59,51,23832,3035,86.44,12.73
2023-24,Rajasthan,Barmer,382,351,60231,4622,91.88,7.67
2023-24,Rajasthan,Bharatpur,167,140,53145,7493,83.83,14.1
2023-24,Rajasthan,Bhilwara,176,158,45444,7033,89.77,15.48
2023-24,Rajasthan,Bikaner,279,245,52207,9234,87.81,17.69
2023-24,Rajasthan,Bundi,104,97,17188,2184,93.27,12.71
2023-24,Rajasthan,Chittorgarh,132,116,27248,4078,87.88,14.97
2023-24,Rajasthan,Churu,286,260,31216,3825,90.91,12.25
2023-24,Rajasthan,Dausa,66,46,31476,1481,69.7,4.71
2023-24,Rajasthan,Dholpur,98,86,30481,3592,87.76,11.78
2023-24,Rajasthan,Dungarpur,167,156,28148,3108,93.41,11.04
2023-24,Rajasthan,Ganganagar,271,208,31199,6705,76.75,21.49
2023-24,Rajasthan,Hanumangarh,273,233,26299,5356,85.35,20.37
2023-24,Rajasthan,Jaipur,359,125,130392,45480,34.82,34.88
2023-24,Rajasthan,Jaisalmer,134,129,16590,1019,96.27,6.14
2023-24,Rajasthan,Jalore,324,273,46694,5066,84.26,10.85
2023-24,Rajasthan,Jhalawar,64,48,32869,7593,75.0,23.1
2023-24,Rajasthan,Jhunjhunu,195,142,26653,4860,72.82,18.23
2023-24,Rajasthan,Jodhpur,229,155,74122,17701,67.69,23.88
2023-24,Rajasthan,Karauli,74,60,26506,3103,81.08,11.71
2023-24,Rajasthan,Kota,119,60,38434,14889,50.42,38.74
2023-24,Rajasthan,Nagaur,367,312,51650,9605,85.01,18.6
2023-24,Rajasthan,Pali,218,187,38086,7873,85.78,20.67
2023-24,Rajasthan,Pratapgarh,58,57,19375,554,98.28,2.86
2023-24,Rajasthan,Rajsamand,151,140,22306,2203,92.72,9.88
2023-24,Rajasthan,Sawai Madhopur,61,43,31938,4215,70.49,13.2
2023-24,Rajasthan,Sikar,204,146,41936,12281,71.57,29.29
2023-24,Rajasthan,Sirohi,80,66,24296,3229,82.5,13.29
2023-24,Rajasthan,Tonk,125,110,24877,3235,88.0,13.0
2023-24,Rajasthan,Udaipur,448,414,63924,10534,92.41,16.48
2024-25,Rajasthan,Ajmer,134,103,33101,10992,76.87,33.21
2024-25,Rajasthan,Alwar,178,135,39035,6702,75.84,17.17
2024-25,Rajasthan,Anupgarh,81,71,9344,150,87.65,1.61
2024-25,Rajasthan,Balotra,150,139,24538,966,92.67,3.94
2024-25,Rajasthan,Banswara,130,118,46577,3504,90.77,7.52
2024-25,Rajasthan,Baran,50,41,21855,2746,82.0,12.56
2024-25,Rajasthan,Barmer,196,174,35860,4068,88.78,11.34
2024-25,Rajasthan,Beawar,119,105,22955,3866,88.24,16.84
2024-25,Rajasthan,Bharatpur,96,69,34115,8101,71.88,23.75
2024-25,Rajasthan,Bhilwara,117,97,35209,7264,82.91,20.63
2024-25,Rajasthan,Bikaner,272,237,50605,10140,87.13,20.04
2024-25,Rajasthan,Bundi,90,83,15841,2254,92.22,14.23
2024-25,Rajasthan,Chittorgarh,131,113,25517,3915,86.26,15.34
2024-25,Rajasthan,Churu,259,234,29197,4115,90.35,14.09
2024-25,Rajasthan,DUDU,1,1,1,0,100.0,0.0
2024-25,Rajasthan,Dausa,58,38,30795,3364,65.52,10.92
2024-25,Rajasthan,Deeg,84,84,15715,0,100.0,0.0
2024-25,Rajasthan,Dholpur,85,73,28119,3442,85.88,12.24
2024-25,Rajasthan,Didwana-Kuchaman,168,137,26263,5792,81.55,22.05
2024-25,Rajasthan,Dudu,20,13,1820,361,65.0,19.84
2024-25,Rajasthan,Dungarpur,130,118,26721,3470,90.77,12.99
2024-25,Rajasthan,Ganganagar,179,122,21019,7497,68.16,35.67
2024-25,Rajasthan,Gangapurcity,36,27,15892,2957,75.0,18.61
2024-25,Rajasthan,Hanumangarh,245,207,25473,6646,84.49,26.09
2024-25,Rajasthan,Jaipur,221,67,82364,34966,30.32,42.45
2024-25,Rajasthan,Jaipur (Gramin),124,37,38739,12703,29.84,32.79
2024-25,Rajasthan,Jaisalmer,141,137,16214,1076,97.16,6.64
2024-25,Rajasthan,Jalore,159,122,25296,2890,76.73,11.42
2024-25,Rajasthan,Jhalawar,69,55,31223,7154,79.71,22.91
2024-25,Rajasthan,Jhunjhunu,189,138,23609,5521,73.02,23.39
2024-25,Rajasthan,Jodhpur,69,14,39530,17617,20.29,44.57
2024-25,Rajasthan,Jodhpur (Gramin),94,87,20808,572,92.55,2.75
2024-25,Rajasthan,Karauli,50,36,23212,2970,72.0,12.8
2024-25,Rajasthan,Kekri,85,85,7620,376,100.0,4.93
2024-25,Rajasthan,Khairthal-Tijara,73,52,14758,1437,71.23,9.74
2024-25,Rajasthan,Kota,135,73,38444,16367,54.07,42.57
2024-25,Rajasthan,Kotputli-Behror,68,47,19712,3504,69.12,17.78
2024-25,Rajasthan,Nagaur,168,141,26578,5396,83.93,20.3
2024-25,Rajasthan,Neem Ka Thana,66,59,8714,1449,89.39,16.63
2024-25,Rajasthan,Pali,179,149,32012,8010,83.24,25.02
2024-25,Rajasthan,Phalodi,58,50,11643,261,86.21,2.24
2024-25,Rajasthan,Pratapgarh,40,39,18474,622,97.5,3.37
2024-25,Rajasthan,Rajsamand,142,132,21222,2169,92.96,10.22
2024-25,Rajasthan,Salumbar,64,59,9200,20,92.19,0.22
2024-25,Rajasthan,Sanchore,122,103,18617,2264,84.43,12.16
2024-25,Rajasthan,Sawai Madhopur,36,27,15892,1826,75.0,11.49
2024-25,Rajasthan,Shahpura,49,49,7555,2,100.0,0.03
2024-25,Rajasthan,Sikar,144,88,32420,10622,61.11,32.76
2024-25,Rajasthan,Sirohi,77,62,24358,3239,80.52,13.3
2024-25,Rajasthan,Tonk,90,75,23390,3332,83.33,14.25
2024-25,Rajasthan,Udaipur,371,340,54197,11148,91.64,20.57
