State_UT,Est_Pregnant_Women_2025_26,Est_Live_Births_2025_26,Est_Infants_2025_26,Est_PW_2026_27,Est_Live_Births_2026_27,Est_Infants_2026_27,Rural_Population_Millions,Est_Live_Births_per_100k_Pop,Public_Facility_Share_Pct,C_Section_Rate_Pct,C_Section_Adequacy_Score,PHCs_per_100k_Rural_Pop,Doctor_Staffing_Adequacy_Pct,Public_Share_Scaled,C_Sec_Adequacy_Scaled,PHC_Density_Scaled,Staffing_Adequacy_Scaled,RHADI_State_Score,Cluster_ID,Cluster_Name
Andaman & Nicobar Islands,3911,3505,3481,3761,3328,3308,0.24,1460.42,69.98,12.53,14.97,2.59,51.9,0.3728278041074251,1.0,0.0,0.2300179390073749,40.07,0,Underserved Priority Region
Andhra Pradesh,810597,750769,738450,794656,736827,725498,35.2,2132.87,93.03,6.73,9.23,15.14,44.0,0.9797261716692998,0.6165664662658651,0.8977110157367668,0.0725533187163643,64.16,3,Moderate Access
Arunachal Pradesh,27897,26167,25710,27990,26278,25847,1.1,2378.82,84.28,23.16,4.34,13.46,55.07,0.7493417588204319,0.2899131596526386,0.7775393419170243,0.293203109427945,52.75,3,Moderate Access
Assam,717735,666390,648705,697406,653556,637261,30.8,2163.6,78.95,16.32,11.18,13.8,48.38,0.609004739336493,0.7468269873079492,0.801859799713877,0.1598564879410006,57.94,3,Moderate Access
Bihar,3418936,3175799,3113460,3389957,3123927,3067932,108.5,2927.0,61.24,7.42,9.92,14.45,88.34,0.1427066877303844,0.6626586506346025,0.848354792560801,0.956348415387682,65.25,2,High Accessibility
Chandigarh,15205,13018,12949,15485,13244,13183,0.03,43393.33,61.24,17.86,9.64,3.65,82.02,0.1427066877303844,0.6439545758183033,0.0758226037195994,0.8303767191548733,42.32,5,Underserved Priority Region
Chhattisgarh,738409,673222,650239,733552,676605,654300,21.8,3088.17,57.32,4.96,7.46,8.06,72.94,0.0394944707740916,0.4983299933199732,0.3912732474964235,0.6493920669722941,39.46,5,Underserved Priority Region
Delhi,369400,307211,304038,369323,308917,306202,0.6,51201.83,89.65,29.46,0.0,4.3,85.32,0.89073196419168,0.0,0.1223175965665235,0.8961530795295992,47.73,4,Underserved Priority Region
Goa,17318,14836,14762,16687,14319,14256,0.5,2967.2,79.04,11.25,13.75,15.88,81.79,0.6113744075829386,0.918503674014696,0.9506437768240344,0.8257923061590593,82.66,2,High Accessibility
Gujarat,1329293,1267249,1245213,1308763,1273083,1252441,37.6,3370.34,83.32,22.55,4.949999999999999,12.16,49.7,0.724065297525013,0.3306613226452905,0.6845493562231759,0.186167032090891,48.14,3,Moderate Access
Haryana,595819,527927,515185,588431,523734,511555,18.2,2900.7,55.82,12.73,14.77,7.63,86.41,0.0,0.9866399465597862,0.3605150214592275,0.9178792106836754,56.63,5,Underserved Priority Region
Himachal Pradesh,103285,90051,89171,100354,87580,86868,6.9,1305.09,93.8,18.56,8.940000000000001,3.49,68.05,1.0,0.5971943887775552,0.0643776824034335,0.5519234602352002,55.34,4,Underserved Priority Region
Jammu and Kashmir,217916,198873,196604,217881,198847,196799,1.0,19887.3,88.3,19.31,8.190000000000001,7.32,81.99,0.8551869404949973,0.5470941883767536,0.338340486409156,0.8297787522423758,64.26,4,Underserved Priority Region
Jharkhand,1040302,929277,907418,1066222,944594,924954,27.5,3379.19,63.49,9.18,11.68,7.54,86.6,0.2019483938915219,0.7802271209084836,0.3540772532188841,0.9216663344628264,56.45,5,Underserved Priority Region
Karnataka,1065715,987584,976186,1045353,969089,958829,39.8,2481.37,62.27,31.15,0.0,13.81,56.54,0.1698262243285941,0.0,0.8025751072961373,0.3225034881403228,32.37,1,Underserved Priority Region
Kerala,390211,352533,351499,351732,315315,314621,17.5,2014.47,62.34,25.7,1.8000000000000007,12.38,45.72,0.171669299631385,0.1202404809619238,0.7002861230329042,0.1068367550328881,27.48,1,Underserved Priority Region
Ladakh,3745,3405,3399,3588,3262,3258,0.2,1702.5,67.17,30.31,0.0,16.25,51.85,0.29884149552396,0.0,0.977110157367668,0.2290213274865457,37.62,1,Underserved Priority Region
Lakshadweep,766,716,713,701,654,652,0.02,3580.0,75.99,29.06,0.0,9.82,62.21,0.5310689836756186,0.0,0.5171673819742489,0.435519234602352,37.09,1,Underserved Priority Region
Madhya Pradesh,2076076,1926742,1861530,2042953,1901573,1840574,58.2,3310.55,72.28,20.74,6.760000000000002,4.35,82.54,0.4333859926276988,0.4515698062792252,0.1258941344778254,0.840741478971497,46.29,5,Underserved Priority Region
Maharashtra,2184246,1953852,1931256,2181555,1957586,1936894,63.8,3062.46,66.65,29.81,0.0,13.56,84.76,0.2851500789889417,0.0,0.7846924177396281,0.8849910304963127,48.87,1,Underserved Priority Region
Manipur,47886,35491,35440,45913,34050,34017,2.1,1690.05,79.47,6.48,8.98,14.29,40.36,0.6226961558715113,0.5998663994655978,0.8369098712446351,0.0,51.49,3,Moderate Access
Meghalaya,92444,84556,82006,92728,84942,82574,2.6,3252.15,60.58,9.49,11.99,11.2,66.56,0.125329120589784,0.800935203740815,0.6158798283261802,0.5222244369144907,51.61,2,High Accessibility
Mizoram,23759,22062,21991,24711,23048,23001,0.6,3677.0,66.69,5.27,7.77,14.45,61.71,0.2862032648762506,0.5190380761523046,0.848354792560801,0.4255531193940602,51.98,2,High Accessibility
Nagaland,23570,21657,21535,23668,21679,21580,1.5,1443.8,69.65,13.11,14.39,10.15,51.55,0.364139020537125,0.96125584502338,0.5407725321888412,0.2230416583615706,52.23,3,Moderate Access
Odisha,726521,627916,611249,705236,600776,585789,36.2,1734.57,73.24,14.88,12.62,10.6,46.23,0.4586624539231173,0.8430193720774882,0.5729613733905579,0.1170021925453457,49.79,3,Moderate Access
Puducherry,13317,11628,11573,12205,10828,10786,0.4,2907.0,86.41,11.6,14.1,9.13,57.56,0.8054239073196419,0.94188376753507,0.4678111587982833,0.3428343631652382,63.95,3,Moderate Access
Punjab,415519,386921,381327,395428,377741,372674,17.9,2161.57,62.99,27.2,0.3000000000000007,2.89,89.03,0.188783570300158,0.0200400801603206,0.0214592274678111,0.9701016543751244,30.01,5,Underserved Priority Region
Rajasthan,1913592,1767580,1719592,1883292,1750546,1704577,56.4,3134.01,75.57,13.99,13.51,4.17,56.81,0.5200105318588729,0.9024716098864396,0.1130185979971387,0.3278851903528005,46.58,0,Underserved Priority Region
Sikkim,7958,7274,7247,7943,7271,7250,0.5,1454.8,78.7,11.87,14.37,2.99,66.98,0.602422327540811,0.9599198396793588,0.0286123032904149,0.5305959736894559,53.04,0,Underserved Priority Region
Tamil Nadu,941313,859391,850751,904806,831240,823608,37.9,2267.52,56.86,19.2,8.3,12.36,76.56,0.0273828330700368,0.5544422177688711,0.6988555078683834,0.7215467410803269,50.06,2,High Accessibility
Telangana,628166,587167,578078,578083,576646,568369,22.4,2621.28,79.3,7.95,10.45,7.37,58.91,0.6182201158504476,0.698062792251169,0.3419170243204578,0.369742874227626,50.7,3,Moderate Access
Dadra and Nagar Haveli and Daman and Diu,14404,13185,13124,14525,13637,13592,0.3,4395.0,61.82,26.46,1.0399999999999991,10.38,90.53,0.1579778830963665,0.0694722778891114,0.5572246065808298,1.0,44.62,1,Underserved Priority Region
Tripura,54763,47496,46913,53330,46250,45741,2.8,1696.29,57.6,6.09,8.59,16.57,90.05,0.0468667719852554,0.573814295257181,1.0,0.9904325294000398,65.28,2,High Accessibility
Uttar Pradesh,7279575,6159841,5943886,7300074,6197803,5986275,172.5,3570.92,92.96,31.63,0.0,6.36,53.09,0.9778830963665086,0.0,0.2696709585121603,0.2537372932031095,37.53,4,Underserved Priority Region
Uttarakhand,213166,186792,183480,213873,187640,184495,7.6,2457.79,93.63,25.62,1.879999999999999,8.86,65.86,0.9955239599789364,0.1255845023380092,0.4484978540772532,0.5082718756228822,51.95,4,Underserved Priority Region
West Bengal,1505600,1424371,1402662,1478752,1422509,1401980,64.3,2215.2,87.34,9.56,12.06,14.21,55.65,0.8299104791995788,0.8056112224448898,0.8311874105865522,0.3047638030695634,69.29,3,Moderate Access
